{
  "forex_v1": {
    "verdict": "VALID",
    "issues": [],
    "stats": {
      "ann_return": 0.03225285683583934,
      "sharpe": 0.8785368276640629,
      "sortino": 1.0233507419039034,
      "calmar": 0.4586835133050857,
      "mdd": 0.0703161358833313,
      "win_rate": 0.384975403547287,
      "total_return": 0.2584260106086731,
      "avg_turnover": 0.02845924161374569,
      "trade_count": 2336
    },
    "long_short": {
      "long_ratio": 0.3843853771686554,
      "short_ratio": 0.3843853771686554,
      "flat_ratio": 0.2312292456626892,
      "max_side": 0.3843853771686554,
      "beta_neutral": true
    },
    "consistency": {
      "h1_ann": 0.02779934868158307,
      "h2_ann": 0.03670636215247214,
      "h1_sharpe": 0.9579625448649836,
      "h2_sharpe": 0.8526180808897832,
      "same_sign": true
    },
    "per_symbol": [
      {
        "ann_ret": 0.025692339477245696,
        "sharpe": 0.6419264849927415,
        "mdd": 0.06522083282470703,
        "long_ratio": 0.37219488620758057,
        "short_ratio": 0.3965758681297302
      },
      {
        "ann_ret": 0.03881337703205645,
        "sharpe": 0.8333598342796391,
        "mdd": 0.0858595073223114,
        "long_ratio": 0.3965758681297302,
        "short_ratio": 0.37219488620758057
      }
    ],
    "walk_forward": [
      {
        "fold": 1,
        "val_start": 12499,
        "val_end": 24998,
        "val_bars": 12499,
        "ann_ret": 0.01522065191238653,
        "sharpe": 0.5153746330235244,
        "mdd": 0.038693562150001526
      },
      {
        "fold": 2,
        "val_start": 24998,
        "val_end": 37497,
        "val_bars": 12499,
        "ann_ret": 0.06162417514133267,
        "sharpe": 1.3522430816027502,
        "mdd": 0.0414937362074852
      },
      {
        "fold": 3,
        "val_start": 37497,
        "val_end": 49996,
        "val_bars": 12499,
        "ann_ret": 0.0117914811380615,
        "sharpe": 0.292061962696582,
        "mdd": 0.07031615823507309
      }
    ],
    "cost_stress": {
      "1.0x": {
        "ann_ret": 0.03225285683583934,
        "sharpe": 0.8785368276640629,
        "profitable": true
      },
      "2.0x": {
        "ann_ret": 0.014494292663584929,
        "sharpe": 0.3940710559697957,
        "profitable": true
      },
      "3.0x": {
        "ann_ret": -0.003264278248025221,
        "sharpe": -0.08846567850190631,
        "profitable": false
      },
      "5.0x": {
        "ann_ret": -0.038781425391789526,
        "sharpe": -1.0402863866896266,
        "profitable": false
      }
    }
  },
  "forex_v2": {
    "verdict": "VALID",
    "issues": [],
    "stats": {
      "ann_return": 0.028499781983555295,
      "sharpe": 0.6837691289546047,
      "sortino": 0.8870228234392211,
      "calmar": 0.41447263728734396,
      "mdd": 0.06876154243946075,
      "win_rate": 0.4931197166442871,
      "total_return": 0.22835449874401093,
      "avg_turnover": 0.02268700674176216,
      "trade_count": 1836
    },
    "long_short": {
      "long_ratio": 0.49067962169647217,
      "short_ratio": 0.49067962169647217,
      "flat_ratio": 0.018640756607055664,
      "max_side": 0.49067962169647217,
      "beta_neutral": true
    },
    "consistency": {
      "h1_ann": 0.03236625110730529,
      "h2_ann": 0.02463331002218183,
      "h1_sharpe": 0.9437755183446854,
      "h2_sharpe": 0.5138189099744691,
      "same_sign": true
    },
    "per_symbol": [
      {
        "ann_ret": 0.003494368720566854,
        "sharpe": 0.07732446417315128,
        "mdd": 0.12904603779315948,
        "long_ratio": 0.4642585813999176,
        "short_ratio": 0.5171006917953491
      },
      {
        "ann_ret": 0.053505189571296796,
        "sharpe": 1.005638217195026,
        "mdd": 0.0557837188243866,
        "long_ratio": 0.5171006917953491,
        "short_ratio": 0.4642585813999176
      }
    ],
    "walk_forward": [
      {
        "fold": 1,
        "val_start": 12499,
        "val_end": 24998,
        "val_bars": 12499,
        "ann_ret": 0.016989275936794,
        "sharpe": 0.5063963436360088,
        "mdd": 0.03659529238939285
      },
      {
        "fold": 2,
        "val_start": 24998,
        "val_end": 37497,
        "val_bars": 12499,
        "ann_ret": 0.056761901651043445,
        "sharpe": 1.117910173377945,
        "mdd": 0.03889311105012894
      },
      {
        "fold": 3,
        "val_start": 37497,
        "val_end": 49996,
        "val_bars": 12499,
        "ann_ret": -0.007548167104687309,
        "sharpe": -0.1680046161394318,
        "mdd": 0.06876153498888016
      }
    ],
    "cost_stress": {
      "1.0x": {
        "ann_ret": 0.028499781983555295,
        "sharpe": 0.6837691289546047,
        "profitable": true
      },
      "2.0x": {
        "ann_ret": 0.014343088478199206,
        "sharpe": 0.343916223456671,
        "profitable": true
      },
      "3.0x": {
        "ann_ret": 0.00018639794348018768,
        "sharpe": 0.0044646392685187,
        "profitable": true
      },
      "5.0x": {
        "ann_ret": -0.02812698920024559,
        "sharpe": -0.6713121695538393,
        "profitable": false
      }
    }
  },
  "index_v1": {
    "verdict": "INVALID",
    "issues": [
      "年化收益 -1.79% < 2%",
      "Sharpe -1.136 < 0.5",
      "Walk-forward 0/3 折为正",
      "2x 成本下亏损"
    ],
    "stats": {
      "ann_return": -0.017860170955827925,
      "sharpe": -1.1358695485418329,
      "sortino": -0.6556359563611995,
      "calmar": -0.18441874027411567,
      "mdd": 0.09684573858976364,
      "win_rate": 0.08996701240539551,
      "total_return": -0.0919741541147232,
      "avg_turnover": 0.028545185923576355,
      "trade_count": 1226
    },
    "long_short": {
      "long_ratio": 0.10816165804862976,
      "short_ratio": 0.07396112382411957,
      "flat_ratio": 0.8178772181272507,
      "max_side": 0.10816165804862976,
      "beta_neutral": true
    },
    "consistency": {
      "h1_ann": -0.02906841051299125,
      "h2_ann": -0.006651929270446999,
      "h1_sharpe": -1.847605535145893,
      "h2_sharpe": -0.4233319151034637,
      "same_sign": true
    },
    "per_symbol": [
      {
        "ann_ret": -0.023491951178584713,
        "sharpe": -0.5302854635377421,
        "mdd": 0.20357897877693176,
        "long_ratio": 0.10714507848024368,
        "short_ratio": 0.07577643543481827
      },
      {
        "ann_ret": 0.03987654657976236,
        "sharpe": 0.6371405647729896,
        "mdd": 0.13079439103603363,
        "long_ratio": 0.10117010027170181,
        "short_ratio": 0.08187589794397354
      },
      {
        "ann_ret": -0.06996510826866142,
        "sharpe": -1.6923644082175937,
        "mdd": 0.3651714622974396,
        "long_ratio": 0.11616978794336319,
        "short_ratio": 0.0642310306429863
      }
    ],
    "walk_forward": [
      {
        "fold": 1,
        "val_start": 8033,
        "val_end": 16066,
        "val_bars": 8033,
        "ann_ret": -0.03831924746918958,
        "sharpe": -2.9774461250868685,
        "mdd": 0.04970230534672737
      },
      {
        "fold": 2,
        "val_start": 16066,
        "val_end": 24099,
        "val_bars": 8033,
        "ann_ret": -0.008177048312063562,
        "sharpe": -0.5711831458667782,
        "mdd": 0.02360520511865616
      },
      {
        "fold": 3,
        "val_start": 24099,
        "val_end": 32132,
        "val_bars": 8033,
        "ann_ret": -0.0051276388148835395,
        "sharpe": -0.30167999605085655,
        "mdd": 0.03521466255187988
      }
    ],
    "cost_stress": {
      "1.0x": {
        "ann_ret": -0.017860170955827925,
        "sharpe": -1.1358695485418329,
        "profitable": false
      },
      "2.0x": {
        "ann_ret": -0.03567236904927995,
        "sharpe": -2.256961857863318,
        "profitable": false
      },
      "3.0x": {
        "ann_ret": -0.0534845600486733,
        "sharpe": -3.3545130827703757,
        "profitable": false
      },
      "5.0x": {
        "ann_ret": -0.08910896474844776,